10,213,54,46,64,90,276,104,561,94,40,113,9,1203,141,294,924,186,422,488,1143,150,61,216,72,166,314,75,1,852,420,12,690,102,164,79,93,379,237,94,393,112,90,62,711,44,903,36,624,160,558,52,467,612,864,30,198,63,65,78,26,1440,126,17,225,63,126,24,72,744,608,65,500,96,267,454,495,1239,427,418,140,888,58,930,492,68,207,24,92,97,17,60,315,49,145,151,401,909,14,11
58,43008,7168,463872,611328,60032,93696,602112,708608,999424,186368,24064,15360,12096,90624,31744,768,31808,1152,8704,3840,58368,1431552,198144,164864,654336,150528,8192,614400,1445888,512000,55040,4736,12672,13248,4032,11872,10368,3144,960,3232,46848,2048,168448,38912,121856,110592,245760,290304,8192,150528,600064,208896,352256,315392,62464,7680,134656,24576,278784,49920,129792,22656,16128,9472,11008,55680,14080,296960,393216,237568,761856,1417216,163840,290816,991232,1099776,139264,681984,155904,67584,5632,54272,188416,704512,2592768,43008,1792,3968,448,3264,23296,9216,202752,221184,643072,147968,20800,5536,432
150,3840,38912,70656,46848,3776,77184,53504,5120,473088,350208,107520,10880,15456,15776,25792,96,544,1632,6016,4736,325632,82944,314368,1134592,325632,0,411648,22528,1247232,82432,23424,7872,1584,1088,12992,3168,48,192,5792,512,2560,111616,166400,389120,1265664,3145728,233472,376320,57600,1408,1400832,508928,174080,14336,16896,71424,6912,1920,3168,4864,22272,56064,3968,19456,125440,330752,757248,146944,909312,629760,522240,129024,300032,454656,145920,838656,159744,67584,25344,13056,260096,1687552,22659072,10518528,16384,172032,103936,35584,22272,19648,1152,43008,42528,44928,886784,4096,232704,17472,948
555,98304,663552,510976,232448,92928,160512,92160,145408,200704,1720320,319488,41472,19392,8016,14304,13680,592,8088,6016,5504,17920,11264,6656,454656,24832,147968,163840,190464,1069056,35840,30592,3072,736,9216,23040,58368,9664,212,1680,1352,45024,191232,10752,231424,768,44032,128512,22144,206848,16640,76800,2048,153600,1277952,193536,385024,101376,384000,33280,16640,27136,39552,49920,1600,2112,71680,78848,53760,500736,15616,41472,107008,12800,137088,1664,47104,72192,99072,5632,29568,948224,4362240,278528,1376256,288768,212992,24064,187392,755712,54272,16896,35328,8592,192,120320,103296,1792,8064,5592
982,1792,73728,405504,79872,3584,104448,72192,99840,2048,2048,49152,86528,15872,94976,14208,2784,992,1440,16576,2752,142848,52992,9984,280576,317952,1032192,1327104,1216512,393216,25728,2720,1984,13632,9216,44544,77568,1088,260,1176,3072,0,479232,89088,270336,92160,0,445440,512,28416,14080,38400,5120,575488,72704,342528,73728,82944,118784,21504,372736,921600,10176,26240,4720,25920,133632,399360,332800,5120,33792,585216,11136,109056,6656,36864,132096,170496,2880,24864,4672,97280,32768,163840,2893824,204800,321536,509952,247808,720896,172032,62976,30848,1472,22272,19200,40192,10688,2368,2136
60,27264,46080,696320,399360,434176,24320,97280,718848,62464,60416,39168,19968,63744,10496,27840,46272,1280,1152,60288,7680,96768,13312,7008,86016,5312,3328,26112,11008,327168,3200,9216,100608,252928,144384,51200,31360,1376,1512,15648,17280,97280,305152,228864,649216,405504,135168,97024,4352,256,37824,141824,2560,38400,72704,87552,16128,5632,113152,29952,161792,6144,29280,7104,3360,1024,57216,20992,243712,128,2048,36096,84864,315648,160512,237056,30208,6016,7200,2560,4352,7168,52992,172544,38912,817152,1949696,36864,6684672,9707520,120832,4864,3392,7104,19008,62592,21184,1448,288,939
166,24576,186368,120832,360448,98304,40960,763904,2359296,1188864,28672,132096,46592,184320,14848,896,7552,12032,16368,0,45696,2240,31872,9216,12288,45216,34560,10240,121600,21504,4480,126976,343296,196608,665600,6144,58112,28032,9312,6176,17408,193536,962560,47104,348160,233472,19456,40448,123392,7680,241152,349440,9472,46080,160256,43520,88320,22016,28416,59648,268800,8448,5328,648,438,60,5328,4224,185088,122880,181248,108544,7552,14848,1024,15936,157440,5376,8416,23360,1152,6144,37248,3456,328704,221184,282624,26624,1585152,131072,30208,64512,7904,3264,9472,17280,3104,1464,792,66
177,28224,35328,20480,589824,2304000,151552,684032,102400,10240,70656,9088,5504,77056,512,111104,84480,68736,4080,43968,11264,6784,18688,6144,31232,31744,190464,479232,25344,304128,5120,60672,225792,139264,243712,36864,5760,25344,256,12800,82944,27648,925696,153600,282624,952320,0,156160,258048,97280,509952,151552,6144,257280,5120,37632,4224,30400,256,28160,768,37632,8320,16416,3040,1792,4560,17712,512,12800,200704,24576,5760,36224,6016,2432,38400,1536,4736,6912,2144,61952,19968,832,29184,118784,675840,46080,233472,54912,27648,800,928,12864,11520,50944,2432,1488,3112,66
1182,6912,8704,30336,825344,51200,217088,7680,20480,86016,52224,44160,8384,83968,92160,59904,1024,67584,26368,157440,4224,16384,1009664,129024,146432,78848,227840,8320,98048,6656,24576,349184,364544,236544,606720,25600,128000,93696,253952,6144,152576,450048,43008,28672,2048,305152,359424,4608,47104,2048,209408,665088,57856,58368,97792,65024,13952,11808,68928,58368,41472,112896,6432,28800,768,3072,5696,7712,6432,1088,6912,18432,7968,9280,18816,1216,9856,25280,13440,11200,3712,17216,1728,85760,86016,466944,282624,50176,37376,2944,36096,43584,3200,3840,92160,178176,62208,10272,1720,438
1092,56320,198912,89088,270336,371712,17152,72704,84096,105984,398336,896,2560,34176,121088,498688,21504,46080,47616,1536,12544,95232,76800,53248,589824,36864,540672,151552,410624,50176,281600,89088,121600,72960,61440,67328,25088,287744,336384,5376,224256,66048,28416,14336,58368,42496,102400,31744,759808,43520,42496,107520,112512,105984,2316288,10240,55296,36352,11904,22528,22016,8320,56320,12800,64704,2432,224,96,14880,3072,2560,13248,28672,2304,12480,18944,119040,21120,6464,84736,89856,2048,190464,2560,445440,522240,311296,184320,1170432,19456,8192,60800,576,199168,54272,18432,336384,108032,14064,252
12,44032,37632,169984,8192,372480,55296,223744,48896,45312,57344,9856,10240,0,18240,45056,196608,147456,172032,94720,35200,635904,67584,7471104,737280,7151616,1470464,163840,25600,101376,39936,221184,1247232,30976,59904,13824,7680,237568,45568,71424,579072,43008,0,182784,5568,15360,425984,107520,396288,9216,35040,2944,35200,0,92160,8448,16896,96256,2048,569856,217088,252416,9216,356352,1250304,90112,142848,142080,256,6016,384,54720,91392,22016,92352,7680,21120,22016,2560,145152,97792,188160,92544,38272,512,124416,122880,46592,38912,140288,31296,22016,56320,62976,20480,7536640,276480,6912,3008,1416
244,2744320,21504,350208,37888,27776,107520,25536,28288,74496,18432,1664,256,13248,16256,26496,3968,207872,118784,2678784,253952,110592,24576,1490944,1945600,2211840,41984,55936,23040,97792,69120,49152,39936,145152,218112,64512,142080,41472,128,67776,25600,82944,140288,468992,45312,22016,271872,31872,33920,3744,1532,15328,3664,43200,92160,13824,31744,215040,9216,330752,1536,217600,55296,155648,61440,51200,269312,30720,38400,31104,3584,24320,14784,46848,22016,205056,28160,3072,357888,138240,337920,1477632,1216,157440,27136,7296,890880,75264,60672,340992,158592,16384,89088,1236992,36864,344064,146944,31616,872,246
297,57344,2560,25088,18432,263424,87040,83456,58368,94720,58880,3328,30144,11968,960,18624,141312,41984,81920,745472,962560,262144,33792,2641920,206848,89088,49664,131072,409600,122880,425984,251904,143360,159744,35840,34304,11264,192,40448,7424,71680,755712,97280,363520,38400,92160,387072,13824,5888,6240,2800,29248,20256,9408,29952,93184,76800,52224,16384,93888,31008,49408,357888,1486848,1293312,465408,424960,211968,279552,1920,6912,13248,4032,34944,18816,52224,266496,486400,1748992,1966080,8028160,229376,3584,5632,81600,27648,244736,271872,20224,21504,53888,15360,114688,318464,106496,163840,18048,7552,15872,3864
354,29696,6624,24896,5088,1888,14208,1664,25344,48640,225280,11136,30336,6912,59264,5632,23040,35840,46080,139264,432128,706560,290816,1032192,126976,430080,31744,439296,417792,569344,1536,43008,188416,114688,2930688,120832,28672,4224,32256,40960,811008,212992,60416,239616,36352,55296,259072,46336,25728,1856,3712,37248,118656,17280,81920,20480,514560,30720,63744,21376,56576,11264,728064,712704,310272,95232,468992,112128,55296,195584,153984,79872,19072,33888,28160,59648,92352,53760,610304,577536,425984,1179648,9216,25344,1152,3312,3648,4608,752,60416,27264,261888,339968,125952,21760,6400,496,1504,176,88
198,60288,264,4128,5016,2048,1280,39648,127872,18432,342016,9216,17920,38400,103680,251904,60928,115200,436224,350208,712704,1445888,886784,70656,102400,147456,782336,995328,258048,481280,72192,13824,3072,120320,417792,245760,135168,203776,84992,462848,400384,202240,337152,129024,96768,128000,12800,7200,18048,29952,26496,660480,64512,37376,30720,460800,674304,55296,62976,8192,28672,333824,188416,905216,94208,66048,70656,197632,39936,23808,12416,1280,14656,22720,121856,1664,193536,81920,172032,69632,573440,589824,167936,49664,73472,3456,992,9344,37056,14592,438272,567296,5160960,51200,52416,8064,1032,1248,15888,6528
54,2040,122,32,6912,30624,91648,5504,8704,159744,50688,3072,3584,28672,141312,24576,137728,79872,795648,684032,458752,727040,188928,55296,5696,5888,55296,7421952,7938048,352256,127232,52480,5376,143872,15360,43520,15360,568320,919552,2531328,51200,8448,51328,44032,23552,849920,122368,40192,95488,66304,42240,62464,278528,22528,1396736,209920,105984,42496,126464,12160,38144,9728,23040,14336,61056,57600,44160,49152,3072,93440,576,2304,6272,7168,55168,320256,73728,643072,780288,69632,204800,499712,218112,115200,250368,0,14784,13056,42880,118784,782336,688128,595968,29184,15232,3536,4560,35840,53760,28800
94,9312,576,13504,4864,6208,455680,37632,60544,33792,150016,326656,745472,61440,514560,52224,239616,239616,399360,26624,69632,327680,192512,290304,210944,340992,618496,3104768,1327104,536576,121344,192,5632,6400,205824,440320,139264,344064,49152,280576,141312,86272,20224,83200,34816,270336,377856,22016,9216,638976,27136,507904,2908160,229376,548864,150528,755712,5120,63232,128,6720,71040,123648,3328,0,4224,19200,157440,14336,4352,9600,19456,40320,832,166400,1280,296960,374784,163840,5760,11904,19328,152064,1090560,407552,95232,5376,53888,86784,393216,110592,342016,97280,6656,6848,3216,4512,49664,12672,14656
22,10816,48,10368,8704,84992,5001216,103424,25344,52864,1824,6912,66560,117760,117760,507904,50688,373248,8192,800768,540672,145408,8960,26112,235520,26112,348160,5443584,2932736,311296,139264,21248,37248,26112,1219584,45056,194560,27648,491520,424960,13056,45568,512,10624,2816,20480,39424,28672,285696,196608,5632,12288,18432,40960,229376,39936,75264,52224,127744,249856,60672,3840,50688,31296,94464,9600,6528,724992,79360,24960,4288,18240,3456,70464,60672,178176,221184,1572864,973824,28416,5120,143616,119296,117760,829440,9728,51456,5888,36352,84480,98304,960512,188416,459776,13056,38016,8448,125952,16896,33024
19,13056,6560,5888,21760,215040,4214784,2048,18432,6016,1200,3744,93952,16896,9216,74496,9472,119808,1019904,559104,884736,4063232,1234944,447488,149504,74752,374784,1603584,409600,1859584,251904,385024,327680,81920,1081344,212992,123648,24320,83968,3584,373248,375552,146304,66048,296960,968704,1124352,1130496,99328,77056,35072,59392,38400,301056,77824,53760,95232,701952,16896,14336,9088,72960,1088,9728,1728,1280,32,30592,21120,6464,20032,4224,12320,1728,60416,465408,6144,217088,98304,43008,3072,51456,272640,65024,110592,103680,19584,569856,120192,297984,3072,19712,39168,46080,6144,8704,3328,32512,22272,31936
355,87552,11904,28160,68544,6912,161792,55808,125440,10944,7808,4992,4992,211456,417792,93696,95488,342528,662016,16384,96256,778240,71680,254976,183808,5760,83712,103424,236544,1044480,303104,557056,4734976,1204224,786432,36864,44032,10112,16640,16384,16896,97280,6400,18560,46848,1425408,2979840,4718592,16384,153600,30720,370176,14592,400384,858112,34816,344064,186368,12800,16384,146432,167936,300032,63744,24576,72192,54912,15232,2688,24128,13728,138240,96768,11776,72448,82944,254976,437248,924672,46336,1024,60800,24832,32768,19456,36352,77824,76800,10880,7936,23712,864,51648,52352,4352,80384,64512,706560,3072,4928
894,112640,4352,10176,608,45120,3584,24832,128,384,27328,576,50176,203776,154624,28160,136320,20480,383232,356352,0,839680,129024,500736,66432,5888,7680,309504,129024,688128,365568,1440768,684032,104448,331776,24576,44032,12800,81920,16640,35328,82944,60672,49152,402432,447488,239616,1916928,438272,37888,1035264,31232,36480,186368,136704,84224,28672,74752,294912,860160,139264,3997696,3956736,2764800,204288,97024,15424,3328,5504,91136,35072,10240,12544,45056,6400,30208,29696,39424,919552,465920,207360,325632,5248,46272,14720,14688,82368,23552,120064,1536,76032,1792,78336,153600,148992,185088,15872,58368,2816,10464
303,107136,5056,3136,5680,30912,167040,64512,30720,18432,6144,33152,21888,66304,14976,9920,45056,32256,41984,499712,40960,69632,301056,225280,123648,51072,19328,28672,376832,1589248,24576,5062656,1552384,3465216,1753088,921600,749568,18176,225792,142848,120832,104448,23808,1410048,1646592,169984,3182592,1204224,278528,171008,43008,95232,5504,734208,743424,124416,657408,390144,165376,33792,1121280,73728,36864,87040,23040,16128,29952,35840,9344,4608,4352,15872,50944,366336,23552,275712,54528,31744,17280,21504,71680,10752,5376,224,30592,67776,11008,16512,254208,69888,35328,3072,374784,89088,851968,62976,32768,16128,1280,8064
2,8064,5184,3360,5472,34176,14208,46848,53760,20480,780288,37376,30720,202752,201728,154368,262656,76800,69888,221184,735232,46080,1271808,135936,61440,118656,342528,768,4096,600064,1622016,221184,1470464,925696,98304,167936,17408,40448,701952,6912,174336,33024,17280,324608,9216,301056,65536,503808,59392,637440,19456,11520,10624,2048,69120,50688,479232,2816,4224,130560,44032,80640,755712,255744,499712,32256,84480,380928,117760,84480,10752,13952,512,7168,3072,104192,107264,4032,12768,12032,1136,3328,15616,3696,3648,30272,1664,122496,32256,43776,30720,383232,40704,166400,65536,19712,7296,11776,3456,5120
1002,248832,82432,248064,35712,400384,135168,27648,32256,1024,28672,44032,428032,174336,156288,4224,76800,2816,87552,198656,101376,964608,44032,20992,4096,54528,619008,316416,129024,26624,26880,10752,4864,86016,47104,365568,12800,69632,251392,7680,178688,73472,28160,694272,1191936,16384,129024,57600,26112,2304,704,27392,2624,119296,55296,22784,9472,512,3072,146432,21888,49152,109056,7808,18432,12416,207360,1167360,15872,193536,152832,6176,62592,15104,154752,5376,13760,15840,2400,145152,33792,94080,56320,22128,4480,84224,11392,14592,32768,4864,38528,288768,51200,274432,254976,4224,5120,70464,3360,1664
406,17408,61952,205312,384000,222208,983040,168960,251904,3584,63232,207360,124416,366336,117504,367872,115200,23552,4352,12288,106496,196608,13056,110080,337920,62720,436224,36096,512,41984,1536,119808,416768,573440,34816,11648,512,3712,55424,2560,30464,17536,24576,35840,24064,23808,143872,69504,37248,2368,3696,2608,3784,2400,3552,17792,1920,47488,137472,141696,6864,1296,3552,3216,29952,54656,418816,9216,58880,8064,6368,1060,17856,30144,25088,146944,3456,70656,14784,20480,45568,38144,13056,1536,12480,35328,8448,23296,126336,21440,14144,344064,107776,588288,92160,9984,11520,4864,7200,8544
76,7424,75072,71424,128,55680,58112,10944,2272,14400,3776,107136,60416,247808,69632,22528,36864,27136,27648,69120,68096,115200,10880,51584,23552,59392,18176,42144,5952,14208,364800,136192,181248,241920,161664,382464,22784,14336,12800,30016,3552,10560,4672,105472,6912,95232,39936,45440,267264,27936,560,816,10224,13504,1664,8256,15744,14848,5120,512,1888,17792,64,20416,217088,48576,19456,73728,29696,3584,1056,704,656,7040,18816,19712,63744,39936,51456,135168,51200,240128,9728,5120,21248,69888,62464,41984,24576,94272,288,42368,13056,91136,952320,5632,1024,21888,1392,1248
222,3584,4608,704,56448,1760,50688,15872,18688,336896,123392,11776,50688,27648,90624,228352,38400,67072,21504,14336,171264,96768,1216,2656,29952,7488,21312,10336,5312,480,7552,76288,10240,20736,17408,4352,64,12288,39552,14336,256,8192,237568,380928,88064,402432,113664,9728,56960,30848,2112,2592,10496,61248,12480,7040,9216,296960,214016,369664,188928,3328,2304,2688,10368,4752,7296,20992,14784,43520,29760,19392,1056,3696,25664,2688,5184,6784,15360,74752,77824,485376,8448,44544,4096,133120,96768,6656,40064,1344,11136,47872,99840,413696,475136,217088,221184,10240,2656,552
184,12672,6336,2976,9792,192,12992,122624,6272,102400,10752,66048,253440,103680,546816,13312,55296,36864,71680,321024,108800,25088,35456,1632,12096,34944,115200,210432,43008,61440,348160,70912,237056,131328,14336,211968,2560,60416,288,6976,1024,3712,14848,204800,104448,450560,516096,718848,347136,20224,0,87360,24832,58112,124416,5376,358400,248832,157696,200704,12288,59520,6240,10112,1536,28800,34560,4544,3328,4992,17856,7728,8496,6360,20224,2304,22272,8448,9344,120960,6144,40960,84224,4864,249856,7680,4096,151552,244224,29696,63744,87296,268288,45056,18432,71680,19968,17088,3456,1352
879,61440,66240,6912,2688,3456,3200,24320,13824,565248,1751040,387072,172032,303360,132096,5632,53760,514560,4608,130560,89088,48128,960,10112,11616,9088,76800,26112,112128,11456,22528,37248,81152,25344,86016,72192,660480,193536,125440,102656,512,256,131072,761856,73728,10289152,6266880,847872,377856,30080,2368,90880,13568,7680,16640,751104,217088,0,4096,75776,138240,61440,94208,83968,84736,62080,9984,224256,8192,301056,25600,25728,3712,8256,6016,2496,256,28608,1152,71680,111616,71424,100864,435200,496640,761856,56320,164352,63552,27200,20480,190464,22528,3072,15360,16896,16640,19200,8544,344
862,2955264,328704,691200,21504,155904,227328,120320,493056,2138112,385024,5099520,202752,1296384,482304,41472,253952,52224,122880,33536,112640,105472,16896,440832,4352,165120,19456,338944,552960,12800,54528,58880,48640,0,264192,116736,16128,54272,35840,75264,282624,387072,430080,258048,3170304,22167552,393216,1001472,217088,6400,153600,413696,509952,152832,7168,23552,1492992,348160,1523712,2048,50176,1078272,2048,13312,48384,14976,10240,9984,11136,734208,382976,48384,17408,768,8320,1344,60480,28160,102912,67584,29824,103680,33792,17920,275456,45056,47616,512,15744,12096,28160,69888,2048,136704,29760,24288,21312,25088,25600,4848
56,1302528,38912,165888,3456,27008,23808,15872,25600,540672,176128,190464,118272,0,10752,532480,69632,353280,229376,31744,126976,63488,477184,15360,63488,115456,38272,293376,336896,266240,17664,248320,92160,766464,135168,741376,63488,862208,82944,15360,425984,43776,60416,279552,33792,444416,6144,48640,44800,28288,97536,16896,1536,1408,4032,8192,6656,94208,280576,12288,199680,67584,19456,168960,98304,112384,6912,29568,13440,102144,56064,93696,233472,193536,70144,18816,14592,28544,180736,141824,14400,266496,15360,58368,727040,1536,54528,47104,164736,135168,3072,378624,13056,5504,480,0,27008,220416,221184,192
162,299008,481280,6144,127232,29568,568320,617472,2402304,2506752,90112,95232,51712,428032,18432,720896,999424,237568,67584,124672,52224,452608,6656,48384,11904,25664,5664,5120,24832,6144,3712,66048,304128,7680,142336,44544,21760,313344,20736,60672,37376,15360,371712,52224,4096,12672,94720,188928,212736,3840,181248,147456,24576,9472,1920,14688,3200,6912,491520,30720,3392,37888,62208,874496,94208,675840,14336,50688,17408,23296,102144,13312,55296,398336,30656,31680,31488,8160,8576,12288,1504,512,4992,576,91392,2816,42496,75648,1984,17856,6144,17408,19456,4608,19328,1984,27584,12288,1280,26240
206,110592,256000,62720,30336,2496,8640,67200,59136,13312,26112,163840,36352,24576,101376,1228800,82944,24064,223232,132096,746496,118784,313344,16896,24256,6816,38016,12288,26240,30720,92160,76800,301056,10752,306176,24320,320,4192,15648,45568,31232,147456,7168,17920,6016,5888,27008,27520,25344,22016,161792,10752,251904,2496,2752,9888,1152,75648,109056,5888,3600,57600,155904,49152,602112,39936,160768,16896,15744,20544,6400,12288,21504,11520,160,2672,31936,8704,56832,24768,532,7200,928,5520,752,3312,5632,7488,10752,20352,64512,19456,120576,11776,1344,89856,92544,227328,94848,304
342,423936,59392,9088,24576,12096,120576,6400,2560,44032,1408,43776,26816,170496,1024,69632,19200,12864,58368,68736,45056,196608,34816,21120,128,13344,0,15936,21120,145920,31232,33792,33280,3520,2560,3968,12288,8384,8320,1664,9216,101376,15104,16640,33024,13664,3232,21168,36608,67008,63744,236544,111872,60416,72704,15872,18944,35424,24320,17344,10800,3968,16512,67584,368640,1105920,1296384,10240,10240,2240,30080,26752,6656,13824,42432,30912,960,5376,9408,6160,5168,672,1368,2880,1864,5232,99840,9984,25856,24576,4608,2944,24576,48640,41472,112896,17664,18944,960,520
968,151552,6656,6400,12096,5920,61440,28864,28928,38656,2272,1536,22016,216064,46592,56832,1792,11968,13440,12288,196096,138240,121344,29952,17152,6272,624,9504,10112,50688,37632,217600,242176,104192,4608,115200,2304,44160,55296,113408,569344,81920,12288,44032,83456,20736,125184,30720,5376,0,34816,1875968,357376,48640,9216,6720,41568,32,1280,24128,3376,2176,8576,67584,126976,2525184,1021952,51968,46272,4608,192,91008,11008,9984,50304,29760,7808,1344,5824,36992,4096,2112,22976,144,112,14912,46080,47488,49152,64000,57984,115200,19968,15360,3072,11776,4096,352512,45824,8472
556,349184,13568,58624,1920,720,1216,1248,5728,10880,3744,3104,3072,10752,9216,317952,4352,4480,3968,45312,12032,63744,18432,30720,48128,503808,16128,9984,4096,10240,92160,184320,1814528,84480,56064,29184,2112,4480,3328,75776,55296,16384,239616,224256,80896,49152,41984,27264,190464,63360,3010560,473088,470016,32768,108032,141696,4352,5184,15360,19968,29760,70272,26112,172544,141312,36352,18688,1440,3288,672,42144,17920,58112,69120,114176,356352,11264,35328,57344,44032,62976,245248,75520,16000,2752,4320,23680,22656,454656,589824,66048,51200,215040,33152,15872,68608,110336,21504,3168,1800
281,302592,179712,43264,12928,15360,6272,38016,12544,103680,7680,31168,9600,7680,7680,382976,147456,32768,12032,29696,320,34176,38528,4096,15360,28160,28032,640,25728,94464,141312,181248,95232,6528,1920,113152,22272,21504,86272,2496,147456,36736,23296,189696,2816,65280,3328,95744,569856,133632,0,714240,83456,399360,116480,15360,169984,95744,90624,238592,7296,6336,38272,52224,583680,359424,2304,3168,21312,3712,9088,8704,320,207872,27136,24576,1241088,552960,231424,196608,182272,1019904,66560,50304,24960,33536,70656,122880,133632,30720,111616,218112,4352,9600,96000,55040,115712,47104,21120,8064
616,152832,318464,8832,29056,16896,18144,76800,6272,16896,17152,36096,512,244224,763392,106496,264192,26112,160768,2112,1184,1620,1584,34752,90112,955392,251904,134656,1408,188544,40448,421888,616448,501760,59392,279552,10752,50176,50304,33696,7168,26240,317952,40192,13952,8448,38784,70656,95232,33792,151552,63488,305664,183808,49920,7168,425984,416768,88064,162816,4096,6656,3968,201216,49152,59392,5248,5504,31360,3072,12160,6144,116736,642048,333312,65536,1368064,225280,208896,954368,1236992,1548288,153600,100608,188928,384,21760,55296,10880,211968,19456,202752,70656,13952,12288,497664,444416,2912256,88832,14912
1416,126464,488448,110848,190976,13824,38912,163840,66048,433152,15360,26496,72960,133248,20224,239104,595968,1802240,18432,9472,23424,5120,2304,768,367872,173056,76800,42496,60928,12672,40192,34176,34816,5696,11072,40960,36096,168960,34048,784,4608,5088,51968,62208,103680,123392,17024,4608,69632,239616,931840,189440,44032,59904,82432,49152,1007616,7168,308224,53504,83712,33600,1408,142336,8448,4800,21696,19632,6176,13504,5376,2208,7808,33792,1088,282624,184320,7680,230400,755712,122880,507904,228864,131072,87168,6048,124416,14400,2944,124672,2560,1152,41088,4352,208384,358400,144896,856064,14208,5536
796,51712,36864,23808,24576,417792,116736,137216,20736,5376,13824,13120,92928,47104,171520,122880,405504,53248,141312,72576,10176,992,39648,9888,294144,97280,377856,75264,22656,29312,43648,16832,158976,960,512,224768,4736,10752,20160,152,16,14016,12288,686592,99584,52032,1280,2944,10240,308224,65024,9216,21120,4992,104448,30720,30720,331776,33792,1088,128,13600,64,96000,193536,33280,126976,46080,10752,44544,3456,7008,7936,9600,38784,15616,5376,36096,43776,246784,233472,370688,73216,25088,9984,43200,29184,1536,2240,46976,15360,13824,18432,5376,231424,7168,140800,95232,2304,1584
12,1505280,114688,374784,618496,733184,414720,324864,34048,9056,7488,1856,2624,39424,64256,67584,344064,80896,311808,93504,15264,31776,12480,24128,11392,11264,64512,238080,81408,21120,1856,3840,17664,23424,179200,417792,202752,38912,63104,5600,15328,19008,57472,68352,117504,42496,0,8576,4352,92416,2560,102400,148992,301824,20736,1087488,253952,5376,7680,768,1008,1152,18432,24576,10240,23040,100352,112512,2560,5888,1296,4680,5936,560,5472,256,12032,768,5760,158592,125952,87040,70272,26592,0,29440,37632,16640,4800,1152,119040,188416,8192,111360,3840,116736,99072,8448,5184,2152
446,145920,365568,87040,49152,49152,40448,9088,24640,10336,7072,85824,13120,28416,17408,87040,65536,315392,122880,24320,118784,165120,30144,19520,11136,10176,59904,21504,385024,10880,10368,38592,9984,36480,64,36096,41344,79488,15104,5664,7776,3456,53760,2560,41984,466944,27648,176256,11392,127488,3648,3840,115712,14592,29952,46080,747520,75264,12288,2048,8704,320,48768,102400,743424,176128,741888,12288,3840,8128,22128,736,12160,384,16896,62208,19584,9152,0,172416,202752,157184,54784,33280,71232,112896,9984,98816,134784,77184,24576,10752,540672,385536,3584,12416,7104,21760,48256,6688
1425,286720,391680,477184,254976,382976,1471488,61440,7360,2464,1632,5424,29312,166656,62464,147456,82944,452608,121344,37632,39936,37376,256,2336,6400,2432,6144,23808,118272,7424,6144,15616,11264,331776,770048,261120,76032,3648,4160,7680,60096,8832,27776,39168,203776,69120,133632,47616,116352,85760,62464,169728,128000,111104,29696,1683456,335872,78848,684032,13056,12800,20992,132608,139264,41984,634880,53248,66560,12288,768,5056,2624,25216,10624,247296,135168,34816,44544,21824,12800,9216,55808,58368,32640,21248,37888,704512,102400,48640,9216,97280,81920,976896,56320,5600,25856,9216,59136,37248,3936
198,36864,27648,276480,60416,835584,398336,1536,4352,3968,9056,29632,25984,21248,319488,752640,27648,3200,174336,62784,6656,58368,52736,3072,1056,5408,6528,8192,24576,156160,84992,3328,164864,1695744,1343488,782336,49664,4608,12544,1792,1152,10176,320,31744,31488,43776,240640,372736,28160,153600,374016,552960,940032,516096,1677312,319488,1007616,417792,192512,25600,45056,368640,84480,18176,163840,18432,24576,5376,26112,3968,3792,10528,30432,20224,102400,198656,73728,25088,34304,508928,155136,69632,81920,119808,266240,976896,126976,3563520,24576,239616,586752,22528,526336,141312,72192,12096,29696,152064,117120,15616
356,24832,768,16384,1152,19200,35840,75776,8960,22656,11328,256,484352,24064,726528,612352,1600,17792,28672,12032,4096,40448,9664,5216,28864,4992,25536,39936,258048,7680,829440,22528,774144,1646592,239616,35328,481280,250880,12800,29952,2976,960,17280,61056,37888,86272,33408,68096,8704,288768,141312,0,3072000,88064,224256,344064,897024,45056,3809280,65536,331776,476160,59392,4992,0,111360,677376,130560,15616,5248,5584,192,30976,12672,23808,67328,702464,139264,116736,323584,210944,196608,408576,141312,94208,167936,2998272,497664,122880,66560,62464,23040,145408,71680,1280,11904,1280,13440,6144,7584
82,28160,35328,53248,89856,10240,169984,1654784,147456,387072,88576,108800,1536,27968,60416,78592,68352,120960,24320,50688,131072,243712,205056,5632,29440,12928,1728,116736,252928,51200,50176,872448,233472,565248,303104,21504,181248,20480,122624,226304,18816,7872,37376,10496,57216,59136,1792,3584,5568,72704,5632,152576,927744,32768,544768,976896,327680,3432448,1413120,336896,609792,238848,9216,50688,99840,145920,118784,121344,305664,121344,6208,13312,6912,14848,63488,17152,115200,288768,267264,46080,92672,84992,223744,178176,245760,2572288,921600,2801664,284672,24320,17152,15872,165888,332800,11904,53568,10368,4352,4752,1632
97,5120,32768,7424,51712,440832,936960,712704,258048,405504,47616,142336,48256,1856,2816,66048,16128,8448,81152,4608,81152,325632,75264,18432,466944,33792,442368,182272,2875392,303104,432128,86016,439296,26624,21504,17664,22272,30720,71424,8448,79296,2624,20608,124416,384,2720,1424,8976,16,29952,8192,17920,9984,46464,29696,25600,82944,129024,120832,21120,40320,103424,68864,92160,83968,69632,497664,21504,90624,132864,5376,83968,258816,4224,704,25856,28032,307200,237568,72704,46080,43008,241152,465920,3053568,4096,2863104,98304,3072,10112,225024,76800,68608,886784,133632,4096,1920,51200,416,3216
972,27840,25728,22016,46080,14336,8192,1073152,262144,917504,606720,210944,31552,3712,19328,8960,45312,26624,311296,4096,195584,55296,37888,292864,2906112,224256,139264,2912256,1646592,11132928,5148672,884736,147456,632832,2560,115968,0,14592,223744,0,36864,13440,45568,114432,70848,9152,280,2928,1376,29568,46848,114432,24576,4096,9600,2304,15872,51968,13312,1344,34944,121856,4672,400384,49152,10496,12288,23040,76032,267264,1163264,147456,1523712,162816,34560,73728,18432,49152,13824,91136,109056,190464,712704,175104,5099520,2154496,999424,61440,23040,12544,128,29952,485376,13312,270336,17408,36480,18048,2912,680
530,144768,16512,12544,3072,81920,2203648,1978368,2433024,483328,83968,209664,2112,3216,832,2560,30720,24576,186368,143360,512,82944,256000,254976,454656,156672,602112,2758656,2979840,2285568,516096,884736,208896,76800,160256,61056,6784,35712,40448,33792,1142784,54272,17664,9408,2496,3552,2216,132,10176,64320,11904,23040,480,912,11904,92544,5376,146688,12160,7232,456,21248,24128,39936,2236416,247296,245760,39168,14080,499712,100352,0,1163264,111616,102400,159744,89088,57344,132096,13312,18944,2304,34816,66048,1351680,602112,5873664,151552,120576,27072,2176,14208,69888,6016,53376,22528,6720,3840,1120,3616
180,32256,22528,69632,82432,167936,724992,681984,3686400,1089536,11520,3200,448,1760,1856,45056,577536,139264,2670592,241664,150016,44544,142848,24576,43008,37888,1839104,51200,306176,700416,3612672,10911744,39936,73728,108288,1728,9984,35328,247296,401408,119296,25600,11904,24000,12480,320,1216,2504,6144,170496,20352,5376,20256,7008,3072,86784,768,38016,34944,6528,9792,9600,3984,28928,7168,13440,58880,19968,142848,258048,249856,34816,76288,402432,909312,59392,602112,380928,532480,393216,120832,18432,5376,6144,1478656,94208,1990656,804864,27904,108672,4416,96000,122880,42240,54016,72000,16704,16640,4800,1536
23,307200,4096,224256,356352,64512,2562048,671744,360448,402432,17408,4608,28928,29376,512,12032,47104,86016,79872,65280,15360,5760,21888,12672,2048,52992,55296,4736,2560,125952,221184,2752512,181248,7680,8960,11136,51200,116736,90112,1441792,1257472,9216,237568,82752,6912,9984,0,13568,1152,50304,40800,944,43968,5408,64000,118784,121856,34304,195072,128512,896,50432,2048,3968,8064,1920,2048,52608,94464,494592,47104,208384,61440,8192,4866048,565248,0,126976,734208,471040,194304,48128,206592,21504,348160,92160,2826240,555008,176128,18176,10944,13440,15680,20736,47616,14784,128,3264,408,1416
1029,139264,385536,12800,175104,3072,88064,59392,221696,7680,22528,9728,11328,5376,31488,69632,33280,250880,27648,36480,27136,6656,7488,11264,80640,47360,74752,20480,81920,307200,18432,374784,732672,494592,336384,241664,101376,296448,162816,444416,131072,51200,56320,162816,14848,124416,8832,33024,54016,2832,12064,2272,93888,31008,7808,186624,735744,530432,59904,18432,2048,1824,1376,30848,111104,14208,8192,255488,155136,115712,31680,8832,28672,28672,66048,9472,87552,258048,69632,7680,33792,38880,31936,53632,180224,137216,4276224,61440,195584,4864,16512,5376,5600,10816,23808,8448,13312,54272,9984,2016
64,559104,393216,6144,260352,128000,3264,52992,112384,5376,9728,99072,1536,16384,193024,140800,25600,24192,4864,3328,2688,105984,6016,38400,34048,6912,4864,2048,104192,640512,661504,774144,5120,24576,62592,768,0,12480,27136,2304,463872,563200,636928,91136,67328,571392,149504,380928,424960,125952,3136,2048,13824,12192,2176,19968,43008,2426880,1416192,224768,0,25728,10112,17280,2944,11136,50688,746496,41984,74240,38144,896,10656,17152,172032,5120,9728,34816,112640,442368,14848,47616,6080,92928,59136,244736,176128,96256,897024,19456,5632,20992,1800,30528,44544,23040,534528,54272,84736,10144
38,21888,46080,122112,9216,7488,1728,3328,32512,182400,11520,22720,29952,127232,21504,13824,76032,15360,76416,48576,3392,32768,246528,62464,424960,311808,8960,15744,2304,218112,80896,1280,144384,29312,76032,3584,49408,31680,22144,2240,24576,81920,59392,48384,56832,225280,427008,28672,432128,92160,59904,33408,145536,7296,8256,27136,49152,232448,358656,28672,600,26304,7552,2816,20480,11776,17408,141312,31744,24192,2784,7872,14592,4224,11328,3840,17344,145920,136192,98304,30720,17920,240128,45568,21120,19328,210432,12288,230400,97280,27648,4352,448,22720,16512,985088,138240,2095104,87040,26880
112,54016,34048,3648,1440,352,7040,13568,62592,65664,1024,1536,30656,13056,77312,6912,3072,29824,170496,36352,28416,73728,41984,302592,179200,35328,3840,4096,33024,97920,107520,57600,10752,16384,41088,20736,22528,4608,11264,7936,46080,175616,40704,71680,362496,95232,862208,487424,307200,322560,75264,75264,3456,13056,704,62784,12288,20736,15104,1664,6688,17280,71424,126976,53248,1084416,241664,38912,114176,11520,1472,7552,6528,3072,81024,13184,32512,54784,63488,13824,7168,61568,4608,1152,14592,159744,126976,185856,667648,44032,34560,27392,7392,6448,128,357376,172032,2916352,25600,10752
986,18048,190848,48768,10752,2304,48128,987136,983040,93184,185088,384,1536,13248,112384,5120,317952,512,246528,826368,228096,526336,1024,173568,11136,10080,6336,48,55424,10240,36864,278528,18688,96000,4864,45312,3328,19712,61952,78720,7680,41472,22784,12288,36864,188416,999424,13312,78848,503808,27648,1664,38592,9312,3680,22208,100224,1920,40192,17792,16384,9088,505344,117760,135168,1355776,1536,155648,56320,62976,768,153984,13568,2304,16896,65536,100352,26880,114688,83712,42752,10112,11040,14016,30976,42496,75776,331776,608256,55296,22528,116480,0,2400,57408,248832,1984512,2703360,90112,28800
22,1792,21248,231936,49152,311040,1370112,167936,514048,17152,43584,66048,6336,17088,102912,25472,10240,287232,45056,49152,49920,87552,148992,11904,3072,10176,25248,928,45312,2816,70144,288768,28416,142848,72960,23040,58880,80384,254208,51456,9984,79616,1920,96512,44544,21120,717312,68608,34304,7168,21056,3520,576,20096,51456,8832,90624,35840,14976,111872,24576,35328,11776,30720,86016,5738496,310272,757760,15360,59776,6912,1536,61440,210432,954368,47616,48128,3328,485376,264960,5248,6208,16320,46272,26432,142336,491520,1622016,688128,186368,1118208,294144,19712,8960,27072,215040,61440,622592,698368,11648
150,322560,131072,95232,92160,340992,102400,262144,68608,88320,13568,31488,211968,1024,3840,27456,2240,31232,192512,102912,2304,109824,59264,22080,10304,1760,80,2640,512,1920,12288,97536,5760,28416,19456,215040,40960,89088,313344,2353152,110592,157696,40960,0,19072,10304,105984,41216,137216,23296,32,9728,12864,181632,151552,22272,10112,256,144896,143360,940032,200704,625152,210944,389120,299008,168960,1806336,340992,140928,64768,2496,43520,5120,464896,256000,119808,1344,8960,76992,0,1920,400,14976,173184,470016,331776,45056,10240,18688,86016,27904,36608,35328,38400,133120,53760,3571712,144384,24832
138,131072,294912,237568,400384,4608,336384,58368,49408,10112,29184,72704,43008,157696,15872,9600,347904,232448,281600,101376,3584,23552,1200,3072,3200,176,16832,640,16896,760320,56832,15616,22784,10752,4608,10240,5312,61184,13312,42240,123392,170496,145920,59136,135552,14304,247296,46208,75520,55552,3040,29312,8192,27136,258048,1216,768,37632,98304,2942976,92160,525312,75264,19456,159232,2007040,227328,102400,38400,25600,24960,7296,12160,39680,377856,104448,76800,84480,77952,2816,139776,135168,11776,41728,10752,12288,138752,88064,22272,16896,64000,11648,101376,390144,96000,93696,13312,48128,5248,4768
428,11776,356352,26112,16896,23616,73728,37632,50944,120576,3584,33792,671232,319488,501760,5632,18944,216064,94976,106496,34560,256,9216,33024,10944,42816,13184,25344,354816,58368,4928,54528,45824,14848,40448,121344,136704,87040,363264,896,0,91648,16320,20736,14208,15040,75264,4608,39168,4224,15648,44544,104960,563712,888832,38912,105984,749568,237568,221184,249856,638976,7168,302080,41472,256000,129536,278784,108032,13984,58752,24576,13824,406528,206336,24832,1024,26944,9728,620544,657408,339968,365568,25088,144384,86016,70144,0,55680,9728,95232,73728,131072,642048,94208,68608,18240,42112,21248,14400
249,65280,36352,12704,81024,7296,8576,38400,9728,244992,464896,66560,36864,361472,743424,480256,595968,19968,13440,240384,93184,5632,54784,24832,17664,1456,2976,8736,9856,4480,5856,5696,2336,27712,51200,444416,40960,184320,25344,24832,37632,70144,291840,751104,347904,2784,168192,22336,576,37120,28224,153600,352256,1204224,288768,65280,21760,586752,235520,1671168,1357824,9216,734208,3530752,311296,159744,13824,7552,162816,19584,13952,8448,12800,18432,376320,180864,21248,92672,55552,24576,179200,87552,2560,90112,259072,104960,139008,116992,11520,7040,2560,58368,258048,282624,823296,9856,20224,19392,4160,928
1395,267264,14336,72192,3328,2816,24128,17664,301056,127488,227328,358400,88064,16384,120832,215552,39936,304128,165120,184832,327680,53248,47104,18688,5376,16384,35456,26880,16896,85760,7936,1792,36288,3072,24576,196608,8704,14336,27264,16704,1152,71936,163328,626688,370688,53248,138240,2432,2240,59008,11904,74752,206848,176128,75776,49152,109568,819200,122880,778240,1757184,210432,108544,221184,60416,167936,259584,7360,139008,1408,19200,144896,37120,86016,11008,26496,28160,86016,1024,1324032,2048,299520,909312,33792,219136,46080,68352,1152,14336,609792,6656,15360,196608,110592,709632,125440,3216,9240,984,3636
441,344064,19712,6592,26752,12544,11520,276480,36864,311296,81920,124928,744960,223232,618496,98816,134400,275712,4224,227328,450560,35712,129024,368640,51712,203264,129792,64,179328,384,35424,1344,21760,120192,129024,303104,218112,79872,241152,24320,1024,193536,22016,961536,2242560,214272,32256,8448,792,41344,24832,88576,559104,30720,2072576,3530752,41472,1290240,385024,70400,395264,44288,54272,872448,35328,11776,13056,28096,117248,43968,84736,12288,9216,196608,206592,154368,35840,100352,189952,668160,26112,768,125440,12032,20736,32256,134784,10752,37632,99072,79488,11776,1920,4864,352512,768,21120,4784,2800,1480
645,22528,512,26496,172800,72576,30720,168960,57344,124928,208896,159744,35840,987136,2887680,83456,632832,104448,22272,2691072,525312,4704,10240,3264,22528,380928,13440,22592,26240,544,3616,8000,14368,13344,50688,133120,125952,178176,90624,94208,316416,6656,26624,2893824,1998848,512000,48640,8352,344,5632,3776,113664,634880,1802240,135168,516096,33792,19456,256512,126336,95232,50688,231424,720896,68608,734208,25600,210432,194048,59904,44544,10624,3712,30720,39424,46080,16640,5504,10496,42752,74880,38976,576,384,35328,12928,14080,3584,8192,58880,2144,53376,2400,384,71424,32768,17216,1120,5604,608
120,98816,61184,46080,5120,90112,63232,244736,337920,6144,888832,159744,59136,433152,1515520,214528,362496,697344,460800,1622016,116736,12544,25152,6240,1600,16896,17920,19712,22656,4736,1152,94464,46080,18240,184320,80640,187392,747520,467968,127488,34560,41472,239616,0,294912,116736,232960,5312,7392,22016,176640,245760,4096,2273280,278528,491520,888832,387072,12288,63744,101376,186880,82688,141312,21888,21504,23552,84480,25088,25472,243200,22656,8192,64512,4992,11904,8448,14016,23744,38976,52864,35584,64512,166400,112896,12672,6912,47360,327936,11008,56832,3072,1344,44448,43104,1360,5712,792,912,2244
320,486912,27136,434176,25600,485376,31744,107520,62976,12288,41472,59136,165120,294912,506880,233472,187392,102400,141312,241664,36864,31104,24960,1152,896,6528,11008,8576,4288,44928,0,14848,236544,266496,154112,59392,92672,99328,165888,339968,36096,1536,390144,382976,1317888,651264,40192,62976,5120,32256,688128,82944,1357824,448512,151552,282624,783360,291840,24064,768,53248,274176,10752,15872,81024,33600,52992,3584,15616,37760,9856,5120,73728,104448,204800,83968,56320,960,12096,1024,12032,5056,9088,12672,512,25472,49920,13312,17664,21824,4160,74304,4064,14720,832,19200,35328,2688,41856,1344
898,970752,86016,329728,5120,28416,1024,11840,14208,9920,9984,23552,11008,387072,641024,18432,10240,652800,205824,94208,306176,227840,2199552,36864,115200,162816,3072,3072,4224,9568,1568,20544,520704,154368,67584,68352,104704,647168,954368,241920,16384,21120,832,15360,23296,142336,86784,56832,38400,16896,176128,311296,10240,46848,98816,95232,390144,24064,35968,11776,28672,84480,47616,36352,209920,74304,19968,59648,21504,12800,512,49920,166912,497664,294912,75776,365568,8160,452,216,12336,4928,6272,21120,29472,48896,49152,89088,93440,48640,2944,28160,23296,198144,32256,64,225024,116736,67968,5696
437,250368,57344,163840,67584,119808,5920,1824,12448,40832,100608,88064,73728,24576,30720,8192,90624,163584,6400,2560,44032,691200,83968,4096,384,52224,7168,6912,11136,5312,105984,32768,103424,108544,3584,190976,39936,47616,40448,16512,53120,2208,3456,5632,51200,751104,0,142848,8192,370688,352256,0,30720,42240,27264,22528,331776,258048,1408,30720,6752,14720,6912,2240,28032,1536,48896,13056,26880,9216,13568,2560,92160,2688,130560,113664,142848,82176,672,88,952,4096,768,24320,53760,22720,4352,819200,14336,12160,46720,76416,2048,48384,49728,52992,86272,1792,34944,21072
266,462848,405504,15104,4096,25088,17600,6464,17792,4608,52864,896,23040,737280,25600,759808,9728,24192,320,32256,19968,81408,970752,595968,494592,376832,45312,54528,6656,25792,54912,10880,138624,36352,62208,45568,70144,6144,251904,512,32384,9024,25600,22016,120320,130560,35328,260096,192512,20480,451584,45056,31616,12288,57024,50176,58368,236544,14400,13056,54784,49664,19968,128,141312,19968,22272,9984,18688,29440,12864,14144,9472,12800,729088,614400,193536,4864,224,1068,200,384,4704,0,18048,19072,11264,105216,9216,22080,512,16384,24000,256,704,2304,162816,110592,30592,21840
66,13440,70848,9984,13248,12480,1216,1792,87808,1280,214272,594432,10240,251904,22528,52992,163840,11424,17920,1920,160768,337920,92160,97280,724992,1016832,75264,30464,5696,15936,2688,57344,10752,150528,173056,27648,98560,11136,5376,2464,8640,19968,864,75264,8448,182272,2048,44544,268800,226304,244992,18432,1824,2912,33600,4800,86016,22016,374016,26624,78848,319488,1016832,41472,51200,15360,12288,416256,5632,26624,3840,21120,18624,5152,21504,7424,23040,56320,84672,832,320,2912,45504,10368,205824,12352,17920,124928,171264,120832,38912,238592,47872,21504,384,608,12480,9024,17376,304
1053,5504,22848,53632,8448,10560,32896,6016,138240,428032,506880,486400,43520,47104,120832,22784,353280,111616,9472,178176,456192,118272,116736,47104,27648,220672,26496,9792,912,1728,28992,8704,1536,24192,260352,32640,46080,11520,9536,5584,1968,3520,9408,12672,380928,46080,138752,215040,14848,13568,58496,239616,4032,101120,5376,2336,46592,7552,175104,92160,238592,1966080,1351680,30720,159744,866304,6656,37376,26496,31104,7424,61312,11776,30976,98304,24576,449536,196608,95232,16896,540,688,7488,8400,39936,54272,55296,30720,88576,246784,1013760,254976,25600,18432,52736,109824,13056,15744,480,2280
6,174080,13312,105472,20480,28704,34688,33664,44032,23808,35328,17280,4480,45056,56320,534528,362496,70272,8320,97792,100608,119808,310272,8704,11392,60672,12032,17024,2464,2432,10944,40448,222720,36864,97536,4512,29440,768,8384,480,1920,5632,19712,80896,202752,4096,433152,101376,36352,3840,223488,12288,6144,95488,10944,896,13632,5376,22528,2375680,933888,16384,757760,3866624,1751040,200704,710656,254976,89600,4544,11136,90880,132096,59904,162304,132096,473088,274432,20992,640,9216,1152,1152,8512,22272,18048,8448,117248,651264,187392,4300800,139264,700416,39936,649728,22016,102912,98304,14592,9472
60,458752,991232,1302528,174080,103424,2688,22528,13056,13568,49152,73728,9984,21504,43008,308736,37888,9856,26048,8832,70144,19968,245248,6336,8064,736,17088,61056,5312,2048,108032,512000,87552,28416,83328,224,12192,2304,20928,8704,57024,15232,9216,317952,645120,90112,89088,468480,288768,38656,79104,150528,0,152064,1984,224,19200,75264,108544,1380352,958464,1496064,2002944,340992,132096,552960,752640,104448,3328,40032,5632,96384,8192,7296,90624,0,146432,65536,2176,3776,1728,3520,10176,1920,4224,16704,40704,93184,2641920,1011712,65536,487424,0,354304,365568,50688,93184,460800,318720,2432
1467,234496,218112,94208,36096,16640,27648,12096,1472,8320,9216,100352,38144,1536,250880,208896,479232,441344,5376,17664,125184,36096,5632,1504,5184,1376,816,8448,8352,337920,61952,250880,36864,11392,11904,77184,33792,7424,293888,12288,103424,34048,3072,470016,1274880,577536,79872,958464,221184,33792,549888,291840,4224,159232,4608,7680,30336,118528,14336,1357824,516096,242688,2863104,835584,1124352,1392640,40960,11008,62464,96,27456,5824,21504,128,768,6144,16896,2496,14976,7216,672,62208,64000,33920,25600,137728,0,331776,352256,1517568,917504,655360,118784,2944,31232,348160,360448,8896512,520192,15488
28,441344,448512,279552,76800,90624,125952,84288,1440,752,10080,5472,3072,2304,4608,282624,295680,112128,164352,38400,147968,9984,44160,56064,19136,46656,31616,16128,21888,189440,204800,598016,583680,1465344,7680,1280,91776,17664,197120,688128,519168,3072,342528,233984,501760,87040,181248,33792,940032,110080,335616,768,2848,35328,98304,225280,20608,80896,75776,78848,2482176,403456,1009664,180224,838656,141312,306176,124928,17664,1152,13632,4608,28672,417792,9216,5376,13952,5504,9864,11616,5376,249600,190464,692224,65536,227328,197120,2476032,16384,131072,114688,55296,23808,1344,397824,15360,280576,61440,130560,672
1305,67392,124032,7296,12032,32000,25600,25216,5376,48576,25472,72704,187392,35840,329728,66048,30720,88832,562176,11264,106496,39424,47744,21248,3072,1280,12288,125440,14848,34816,0,409600,1802240,70656,202752,758784,113664,344064,291840,101376,48768,28800,5888,83456,263424,86016,7936,37632,1302528,132608,40448,34176,63872,150528,420864,11136,224,5120,384,27136,297984,9728,655872,0,126976,172032,202240,34304,4416,3072,11008,19456,235008,162304,14592,62720,2240,12448,2320,1536,22528,122880,1921024,2654208,976896,74752,157696,897024,263168,405504,58368,103936,8704,28608,29184,30720,255488,135168,92928,4432
68,8832,29952,3648,13728,20480,42752,23040,123264,11264,15104,1136640,1345536,26880,15360,35712,110080,216064,85504,91136,24320,113408,159360,204800,155648,106496,38912,43008,88064,2985984,299008,507904,552960,55296,54272,2144256,483328,1609728,36864,299520,13312,174080,201728,29696,261888,29952,113920,3840,191488,44544,3584,28160,14464,175488,211968,295680,12672,38912,10240,78848,522240,74752,362496,798720,1048576,1761280,78848,40960,7680,136320,21504,13568,15360,26496,9216,11904,2304,16896,9408,147072,21504,147456,1794048,8306688,294912,1392640,77824,368640,125440,923648,207872,41472,42240,139776,101376,172032,610304,337920,960,5952
729,43776,17664,70080,180224,34816,64512,43520,33408,129792,70656,36864,144384,13824,62976,89344,22016,126464,215808,1536,27264,31104,153216,124416,91136,1138688,454656,1474560,26624,73728,64512,12800,372736,11264,24576,155648,323584,1593344,92672,127488,973824,506880,52224,9984,16896,22016,15872,654336,212480,703488,185856,21504,22016,3504,62592,29952,23808,231424,29696,40960,36864,6400,154368,69120,323584,65536,172032,4608,54336,32384,31744,24960,242688,150144,182784,8448,24576,82688,87296,204800,317440,1990656,10346496,2457600,335872,135168,165888,185344,162816,51456,20352,19968,7936,38400,440320,76800,9472,13056,384,2448
744,11904,2368,18688,64512,220672,142080,3456,127488,30976,9728,2279424,279552,552960,92672,26624,15872,25088,145920,357888,30336,357888,3072,20224,267264,854016,69632,774144,294912,4096,58368,6656,112128,109056,1026048,782336,204800,718848,378880,26112,132096,76800,759808,209408,448512,14848,15168,5376,72192,438272,58368,410624,12800,54784,142080,73728,30208,33792,274432,1026048,288768,68096,66816,95232,224768,1093632,648192,125440,29824,318720,157184,18624,51712,1272,3280,24256,12352,27008,22784,84992,991232,131072,8192,200704,150528,32256,8704,2048,2944,13184,168960,183808,24576,6400,152832,10112,231936,176640,24864,2112
68,8448,3888,10560,11520,451584,940032,1155072,22528,45056,36864,159744,24832,473088,3328,25088,29184,205056,43136,6912,37888,26112,92160,122368,255488,100352,59136,150528,340992,36864,69632,63488,222720,392192,466944,1724416,706560,95232,1515520,19456,708096,70656,165376,34816,373248,236544,9216,170496,89088,1290240,6144,53248,92160,22272,199680,283648,258048,655360,4096,147456,985088,166400,210432,2944,26496,11264,126336,40192,16896,53760,2304,70272,31680,9920,7296,52480,362496,97280,471040,537600,24576,229376,208896,2568192,9216,1204224,5120,113664,9728,29440,640,53760,113408,7936,227328,95744,25600,27648,13440,7600
1299,72960,744,12736,109824,150016,555008,148480,539136,2944,36736,78336,9216,351744,45952,54784,1024,32896,56192,132480,47616,512,188928,6272,29184,120832,10752,58368,281088,162816,24576,35328,1059840,740352,139776,316416,48128,17664,39936,127488,24064,12032,100096,23296,1664,105216,7232,11008,64512,94208,913408,353280,64512,36864,16896,94208,45056,153600,94208,1210368,765952,66048,103424,4112,512,22464,11008,1536,26688,6912,1856,13392,1376,200,4576,45952,99840,924672,624640,99328,43008,57600,31872,101888,83968,225280,428544,32128,7008,36864,46656,35712,3328,17920,46592,6656,135680,9216,6912,328
771,1536,12544,4992,18176,124416,471040,236032,15360,53760,768,3072,14336,44544,1024,1408,26752,2304,19200,26112,8192,436224,54528,13088,6016,9472,19200,899072,49152,277504,9216,5632,156672,67584,106752,28032,61824,6336,0,9088,12544,15872,49152,153600,354048,8064,10912,1136,7296,138240,23552,62976,21504,187008,1024,1419264,230400,132096,90112,184320,2912256,445440,25728,18176,6144,9408,4864,1920,14208,9472,7232,12960,6080,14592,19776,12928,74752,1654784,106496,179712,62976,13184,4224,34560,76800,1794048,71680,703488,20480,18432,27136,22528,46080,251904,147456,60928,561152,117760,3840,1824
79,16640,132608,7808,133120,96768,373760,301056,46592,103424,8448,39168,102656,165376,1024,31936,47872,35904,50304,50176,43520,651264,75776,1920,117504,7168,7168,346368,406528,40960,134144,118272,11264,44032,92160,5888,202752,124928,11776,10240,142336,92160,528384,65536,130560,2304,57088,5376,58240,22528,29184,82944,234496,384,26496,43008,293376,740352,84992,14848,500736,235776,5568,27744,7872,2688,3520,6496,41760,1776,848,36096,5184,3968,116736,306176,184320,90112,460800,560640,13056,30528,3584,58368,147456,13568,768000,402432,140928,691200,18560,16128,49664,209408,18432,1053696,1495040,21504,61440,6912
716,12288,735232,33792,503808,304128,674304,142848,19328,22272,1728,66624,42240,35328,54912,32128,11648,4672,49920,105216,66560,388096,83328,15872,73984,23552,135168,248832,63488,15360,118272,1184,16384,11776,203520,55808,142848,30336,38272,64512,765952,65536,589824,5480448,192512,254976,3456,1088,6144,81152,59520,18432,33280,4736,2304,40704,23936,29568,40960,64256,49152,281856,3392,6080,10240,2304,17664,3328,29504,2560,5952,96,4416,57408,108800,35840,236544,253952,248832,73216,4224,66240,47104,10496,100352,595968,14336,430080,174080,71680,612352,32256,1536,5632,49152,156160,67584,72192,16896,4736
1047,51200,47616,78592,273408,20480,16896,13312,896,5632,22592,14208,229888,2688,66304,52224,23552,3584,194048,82176,14592,706560,347904,286464,37632,3072,304128,190464,88064,1280,1216,13056,1600,259584,101376,150528,1593344,780288,36864,175104,921600,319488,1855488,5505024,1953792,64512,30720,8064,15872,437760,78336,271872,76032,20992,64128,24320,117760,100352,211456,97280,184832,186624,22272,5568,2880,35040,43008,10944,1200,15488,4864,55168,75264,93696,139264,473088,979968,1529856,344064,169984,736,50944,64,1920,12288,6144,49152,490496,50688,224256,504832,96256,0,14080,53760,29184,364032,19456,9856,9376
42,103936,59904,14336,26624,1861632,45568,20480,9344,7424,1312,1008,10624,624,12064,118528,1536,42240,4608,5376,250368,356352,318464,11776,23552,141824,28672,7680,1792,28224,12672,56576,224,41472,468992,131072,55296,184320,14592,130048,1231872,145408,2777088,215040,100352,11520,184320,71424,56576,442368,56320,145920,54784,66304,27648,416768,374784,125952,62464,17408,117760,163584,4864,10528,23040,4224,27840,4992,1504,22144,4864,114176,1001472,24576,685056,44032,325632,37376,127488,42752,6016,7168,768,1568,18432,5248,33536,45056,192,103936,18176,640,216576,124032,142848,434176,2304,233472,13824,2208
75,41216,23552,41472,19712,262144,245760,145408,110080,120320,68352,28800,22528,5632,1568,67584,165504,36096,247296,7168,225280,782336,758784,324096,136320,6144,43008,550912,200704,108800,23680,6592,40512,176640,28160,98304,5120,82944,8544,2944,33024,19200,423936,128000,192000,55680,11264,10176,54144,175616,13312,155136,163584,9728,10752,80896,1118208,299008,24576,160768,76288,99840,350976,16320,43136,3840,21632,10368,11264,104192,296448,96768,232960,34560,6144,24256,8320,50496,44032,2688,128,18688,10368,11136,16768,48384,117504,11264,16128,222720,8448,10496,798720,51200,8704,60416,11520,210432,11008,9216
39,64512,34816,11392,10368,1320960,267264,1970176,405504,368640,41472,266496,50688,23808,86272,44544,249344,59136,408576,136704,645120,2181120,23040,4224,6016,960,23040,8192,9216,5952,54528,12672,9216,34560,195584,150528,841728,115968,256,4672,5696,3456,174720,20736,15360,6272,89664,33152,63936,13568,15360,12672,4128,23808,640,21504,131072,1198080,122880,348160,32256,667648,419840,46080,35328,19840,14592,96000,77376,59904,88832,156672,168960,4608,33280,29696,2048,5120,62208,54272,37632,29952,21504,51072,16768,14400,111360,33280,720,19200,5376,118272,489472,246784,350208,118784,51200,42496,36864,52480
111,47104,632832,30720,41984,169984,4620288,4030464,270336,79872,451584,58368,123904,111104,116352,33792,33408,8576,14336,192512,12288,8192,380160,28864,1536,17280,28160,169472,60672,18816,146944,55040,128,51200,23424,9216,24576,21984,192,2304,14080,6144,15872,314880,55552,42496,1536,12224,256,7488,1984,29184,21504,2432,25088,64512,200704,9728,123136,38400,218112,149504,894976,8192,358400,247296,69120,115200,5312,52992,5696,50816,118272,139008,43008,11520,205824,98688,12768,1792,29696,42880,45312,48640,113664,46656,10240,33024,13088,107776,30720,51712,186368,329728,180224,63488,970752,1517568,186240,29664
1383,956416,1179648,333312,357120,27648,798720,8577024,1343488,770048,61440,161792,55936,55296,86400,44160,6528,38400,384,98048,33792,369408,32768,3104,768,10560,5632,51712,111872,6656,46080,91392,43776,81152,80448,4736,34944,2816,185856,7680,27008,1152,11136,36352,98304,14848,7312,15264,224,4928,15360,5888,3072,21504,111616,56064,188416,43008,177024,71168,90112,76800,577536,64512,347136,15872,350208,248832,69888,44544,9600,128640,11264,66816,470016,103168,73728,65280,960,12672,62976,2304,309504,112640,72960,21504,20736,8192,16384,5120,70656,20480,930816,907264,442368,99328,297984,193536,160128,1056
884,5246976,350208,47616,19456,64512,1004544,884736,761856,167936,177152,137216,48768,8480,5184,4352,4480,210432,109568,10112,54784,10240,107520,11904,15360,20352,14432,4096,6912,112128,171008,26368,19968,6336,26240,14144,41856,107520,21248,143232,87296,7296,49728,109824,182784,264192,14400,5760,4800,1920,15616,11008,165888,166656,88704,25984,3328,38144,153216,25600,19200,896,8448,23040,154112,25600,16384,350208,17920,33280,26048,4224,52992,589824,2670592,589824,202752,868352,476160,273408,54016,3072,5312,16192,78848,24320,6912,4096,32640,68096,29696,921600,27648,121344,123904,549888,574464,800768,960,6672
1404,50688,325632,34560,165888,353280,315392,497664,491520,61440,90112,22528,896,8928,1408,6016,27008,125952,4608,8192,9984,46848,281600,59392,28544,5376,38912,11520,246528,38912,210944,10752,4608,46656,15360,1088,21696,2304,18176,1664,20992,35200,92160,488448,60032,61440,25600,12288,6400,69120,231936,47616,572928,196608,22656,4928,5504,27136,3200,104960,95232,115200,83456,7680,95232,12288,39552,12032,14848,214016,4992,87808,50176,86528,3268608,537600,40960,731136,260096,11136,45440,8704,8064,7296,0,205824,33280,127104,86016,227328,448512,3121152,113664,232448,794624,135168,324864,327680,22784,13760
216,3712,768000,8960,11904,21504,49664,53760,181248,70400,39168,153600,58368,129408,113152,23040,84992,118784,76800,64768,6656,32128,8448,49152,30464,29184,2368,13792,50688,8448,123648,3648,33536,568,1600,19680,31744,114432,12800,1408,6016,320,4272,5632,66048,7936,90368,25152,120064,191616,4736,129024,16640,16896,11776,85632,21248,26304,21568,88576,3456,48768,38912,13568,130176,4224,94208,147968,6656,81408,7680,44544,1419264,92672,229376,1490944,131072,270336,1354752,6912,121088,32000,768,4608,28160,9856,2304,29568,113920,702464,18432,868352,24576,55424,75264,35328,6272,40960,116992,19520
464,13824,26624,59392,241152,110592,3072,217600,65536,3072,55808,256,3072,6144,7168,31616,36864,593920,63488,92160,117888,86400,103424,197120,124416,3968,864,7968,28288,4992,44544,752,5568,2616,1536,89088,18880,17408,3712,41376,8448,2336,15744,1856,2752,40960,216576,324096,976896,4352,56064,186368,2560,36096,65088,20256,5696,14112,384,170496,18944,43520,149760,42240,129792,2048,187904,66560,248320,18816,19200,9984,706560,146688,233472,18432,250880,1732608,1296384,195584,18624,63616,14976,12416,80896,7680,129792,16128,7680,360448,173056,36864,40448,11136,21248,23040,7744,11776,6528,1088
930,10240,8192,173184,34816,94208,703488,966656,336896,1536,3072,3072,180224,33024,117248,6784,494592,1108992,120832,13312,6080,7872,46848,38912,67840,128,27168,64512,111104,49152,55296,10624,1920,18768,1344,76800,7168,768,2176,448,2304,57088,157440,29184,5888,122112,47104,39424,120832,201728,237568,30720,130560,290304,21760,20352,70912,3072,8832,7168,508416,88064,14848,77824,8064,230400,2816,110848,191616,1920,9984,33920,8704,17536,60672,229376,623616,616448,172032,4352,16128,55168,52992,72960,11776,10368,39168,59776,25344,0,456704,313344,9984,19264,7296,6656,6144,278784,148608,13056
80,26368,125952,36352,141312,356352,913408,991232,149504,4480,0,26496,66304,3392,640,126464,11520,127488,376320,161280,288,7488,32256,9216,49920,14400,6848,15040,3072,124416,55296,33536,3840,27456,58624,177152,23808,104960,6016,84736,8832,1517568,67584,18816,63488,102528,10240,194560,275456,929792,1121280,636928,15488,13696,13248,28416,2816,28160,205824,241664,105472,152064,117248,71424,15296,39424,210432,4224,75264,11712,7872,1152,104192,105984,22784,811008,198656,176128,43008,122368,45440,18432,24576,192,168576,21120,65664,4608,80896,3145728,540672,250368,3904,2240,144,27008,14080,15872,2112,2272
24,5856,35456,39808,222208,169984,964608,487424,239616,159232,2016,1632,17664,792,4160,31104,22016,28672,752640,35328,29632,120576,23808,5888,72704,38016,2432,3072,3072,13824,67584,11520,2560,27648,21504,162816,354304,54272,105728,169984,74240,278528,407552,8064,222720,28032,37632,36864,37888,163840,1548288,3907584,23040,11936,592,14688,12800,11520,416768,58368,344064,622592,1024,38016,15552,95232,11648,13728,3776,2040,704,11008,23680,1600,44160,69120,449536,1253376,187392,23296,15168,4224,148992,49152,16896,25440,0,173568,2048,114688,774144,54272,26112,17088,336,2064,3264,18432,27264,12064
343,10464,896,1408,87040,301056,65536,843776,522240,3328,2048,17472,21184,8064,23040,52864,58752,271104,122880,17920,53248,73728,559104,12288,315392,5888,78848,30336,31232,0,51200,293888,261888,31872,5376,10752,27136,296960,23808,331776,667648,2291712,915456,183296,89088,8512,12288,3328,22272,3526656,5390336,1652736,27264,4128,848,5088,87296,159744,862208,384000,1413120,20736,34752,14784,47136,6144,37888,2560,20160,768,11136,1536,53760,23936,11520,169984,690176,95232,380928,1728,16704,11520,32256,28032,101760,27264,21504,102400,140544,249856,63488,19712,61440,4480,1584,18432,4032,197376,64896,4224
802,4016,2656,7584,58624,91008,144384,34048,26880,15072,15424,13376,1824,3328,4160,4608,5728,1152,3072,31872,168576,63232,30720,42624,66048,35712,39552,8016,80,3136,6608,8192,12928,11136,11904,12288,66432,80640,94464,4352,153088,56832,132096,7680,28032,976,22800,28992,18112,50688,983040,38400,3456,880,3704,1184,11936,31872,12544,36096,36096,47872,20160,5072,11392,40608,800,7584,3144,5112,2640,3840,12160,3584,7104,6912,57216,209664,20736,528,240,384,2208,1088,19008,7232,48256,20352,58944,112128,896,5440,2112,7360,720,2224,40,38592,7488,1344
24,988,1932,1236,504,1104,11040,7584,10752,4800,19968,2280,3948,1872,544,7984,264,1792,11072,15424,1472,3648,1056,36864,12480,15744,0,928,256,11712,396,21888,672,6960,7872,720,6848,13776,6624,8256,4896,11872,2368,3072,15872,512,256,11568,5616,57344,50688,8064,20064,144,320,6256,368,14720,2976,5184,432,328,1888,840,1152,6432,192,232,152,976,208,1040,256,1280,496,1184,1168,2304,4656,756,188,1340,1872,1824,4096,18176,3520,864,8544,8712,5760,1248,7552,6704,800,728,440,2688,3328,1024
